Threads,Time_seconds
1,49.15405201911926
2,33.146260499954224
3,33.06093072891235
4,30.96879291534424
5,118.51528525352478
6,97.09795045852661
7,221.521142244339
8,135.96788215637207
